{"cameraMode":{"drawMode":0,"name":"Shaded","section":"Shading Mode"},"sceneLighting":false,"audioPlay":false,"sceneViewState":{"showFog":true,"showMaterialUpdate":false,"showSkybox":true,"showFlares":true,"showImageEffects":true,"showParticleSystems":true},"in2DMode":false,"pivot":{"x":-0.21279335021972657,"y":5.983205795288086,"z":-0.35779476165771487},"rotation":{"x":-0.027826614677906038,"y":0.8932918310165405,"z":-0.05583631992340088,"w":-0.4451266825199127},"size":17.410005569458009,"orthographic":false}