{"cameraMode":{"drawMode":0,"name":"Shaded","section":"Shading Mode"},"sceneLighting":false,"audioPlay":false,"sceneViewState":{"showFog":true,"showMaterialUpdate":false,"showSkybox":true,"showFlares":true,"showImageEffects":true,"showParticleSystems":true},"in2DMode":false,"pivot":{"x":-197.66575622558595,"y":5.888938903808594,"z":204.03329467773438},"rotation":{"x":-0.01702420972287655,"y":0.9697465896606445,"z":-0.07084529846906662,"w":-0.23298658430576325},"size":3.286757230758667,"orthographic":false}