{"cameraMode":{"drawMode":0,"name":"Shaded","section":"Shading Mode"},"sceneLighting":false,"audioPlay":false,"sceneViewState":{"showFog":true,"showMaterialUpdate":false,"showSkybox":true,"showFlares":true,"showImageEffects":true,"showParticleSystems":true},"in2DMode":false,"pivot":{"x":268.35186767578127,"y":8.970026969909668,"z":405.0882263183594},"rotation":{"x":0.15184330940246583,"y":-0.13683444261550904,"z":0.02122616209089756,"w":0.9786569476127625},"size":28.46875762939453,"orthographic":false}