{"cameraMode":{"drawMode":0,"name":"Shaded","section":"Shading Mode"},"sceneLighting":false,"audioPlay":false,"sceneViewState":{"showFog":true,"showMaterialUpdate":false,"showSkybox":true,"showFlares":true,"showImageEffects":true,"showParticleSystems":true},"in2DMode":false,"pivot":{"x":265.0,"y":2.799999952316284,"z":184.02000427246095},"rotation":{"x":-0.28711315989494326,"y":0.0660388395190239,"z":-0.01984219253063202,"w":-0.9554115533828735},"size":5.772643089294434,"orthographic":false}