{"cameraMode":{"drawMode":0,"name":"Shaded","section":"Shading Mode"},"sceneLighting":false,"audioPlay":false,"sceneViewState":{"showFog":true,"showMaterialUpdate":false,"showSkybox":true,"showFlares":true,"showImageEffects":true,"showParticleSystems":true},"in2DMode":false,"pivot":{"x":-201.62283325195313,"y":3.840449571609497,"z":238.55780029296876},"rotation":{"x":-0.05801799148321152,"y":0.9323596358299255,"z":-0.17344503104686738,"w":-0.3118594288825989},"size":3.334791660308838,"orthographic":false}