{"cameraMode":{"drawMode":0,"name":"Shaded","section":"Shading Mode"},"sceneLighting":false,"audioPlay":false,"sceneViewState":{"showFog":true,"showMaterialUpdate":false,"showSkybox":true,"showFlares":true,"showImageEffects":true,"showParticleSystems":true},"in2DMode":false,"pivot":{"x":-0.2044506072998047,"y":6.828411102294922,"z":-0.18889474868774415},"rotation":{"x":-0.04158934950828552,"y":0.35053399205207827,"z":-0.015580590814352036,"w":-0.93549644947052},"size":16.427515029907228,"orthographic":false}