{"cameraMode":{"drawMode":0,"name":"Shaded","section":"Shading Mode"},"sceneLighting":false,"audioPlay":false,"sceneViewState":{"showFog":true,"showMaterialUpdate":false,"showSkybox":true,"showFlares":true,"showImageEffects":true,"showParticleSystems":true},"in2DMode":false,"pivot":{"x":380.4471435546875,"y":43.027015686035159,"z":82.46204376220703},"rotation":{"x":-0.20899534225463868,"y":0.5702293515205383,"z":-0.1528637409210205,"w":-0.779610276222229},"size":47.87384033203125,"orthographic":false}