{"cameraMode":{"drawMode":0,"name":"Shaded","section":"Shading Mode"},"sceneLighting":false,"audioPlay":false,"sceneViewState":{"showFog":true,"showMaterialUpdate":false,"showSkybox":true,"showFlares":true,"showImageEffects":true,"showParticleSystems":true},"in2DMode":false,"pivot":{"x":98.38595581054688,"y":75.24845886230469,"z":420.6647644042969},"rotation":{"x":-0.1344611942768097,"y":0.7045301795005798,"z":-0.1387246698141098,"w":-0.6828711032867432},"size":278.99713134765627,"orthographic":false}